209	3736
240	6598
2526	14
3036	6911
4180	3771
4555	4
6401	3732
7123	3702
8985	3772
9052	3771
10028	6761
11200	3767
11331	3768
14407	6915
15450	3874
15951	565
16465	3911
16984	4
18743	323
19219	3737
20273	9
21617	3980
22916	3813
22994	6812
23402	6919
23603	6912
24409	3888
24619	8
25468	3767
26624	11
26766	3914
27637	3664
27751	3806
27873	3765
28298	566
28460	3906
28735	4
28880	6901
28915	3739
29401	3910
29741	3882
881	21
18554	25
24927	410
25048	6
25720	25
27388	29
28680	126
29252	436
2305	1
6458	1
12969	20
20428	2
22840	1
23400	30
24223	1
263	1
7850	777
17039	361
21845	4912
21994	160
22226	311
25613	169
1321	3
2700	114
3486	3
3783	7
7392	17
11082	233
12524	28
14456	3
24750	5
26061	50
29806	3
433	1
7085	5
21109	1
6641	1
4751	26
15542	24
28053	113
28078	37
28599	109
1592	701
3618	43
5717	101
7419	108
8949	112
10322	742
11374	92
15323	165
21300	686
22119	120
25719	575
25854	203
26407	108
29283	109
29753	111
29756	167
25223	7
28044	168
1819	49
9222	21
9478	4
25045	6
744	60
6729	76
13943	44
15905	129
18904	60
22334	4
25470	56
26785	60
29776	30
29777	12
4550	13
7763	57
12399	15
21999	9
27731	3
29094	15
29346	3
7608	22
9050	10
25441	9
5011	1
6499	13
12454	10
17258	26
21341	13
22529	22
28924	9
29347	14
1312	104
1313	5
3272	104
3847	120
13502	4
17235	138
22325	115
23535	103
24207	133
26463	212
27290	86
27560	105
1610	99
4959	99
13970	590
23281	100
24076	13
25206	101
29010	12
17456	169
23063	165
23637	177
24936	168
28856	168
29627	12
3538	19
3901	20
4958	18
8292	21
8385	20
16725	66
17802	18
20246	19
21766	20
25074	9
26726	12
29331	21
16456	19
22225	20
22336	1
25243	25
25768	20
29295	22
15261	1
26911	1
3558	13
4245	8
6360	7
7470	7
9440	33
15651	8
18254	61
22497	44
23220	13
23592	41
25986	7
26108	33
26227	5
26680	40
27013	63
28960	35
486	7
9339	41
11073	14
12495	40
14208	43
22215	41
24871	73
29214	43
884	71
2517	61
3769	66
7734	72
28208	99
1443	45
3562	44
5436	101
5849	53
6935	74
9874	44
10875	1
14723	52
15704	1
18456	6
24820	50
25015	44
25339	44
25657	55
27702	14
29271	5
29534	44
2746	2
4890	6
7010	2
7172	72
11199	77
20233	9
23011	62
9801	57
1280	44
2909	7
4182	22
6375	3
12707	21
14051	20
24978	4
25353	20
28306	4
10784	2
19538	5
25354	19
279	1
8840	1
14717	1
28673	2
704	1
2453	1
3535	10
4926	12
5637	10
11641	1
13018	138
13215	10
15239	2945
17036	1
18311	8
19514	1
20315	1
25552	7
27636	1
27644	3
2432	17
162	3
6709	2
9111	3
14584	7
19805	3
26394	3
29287	3
25087	2
789	5
1362	1
1824	6
4896	8
10832	34
11460	5
17789	10
21603	14
21791	4
25182	7
28254	5
28676	11
29425	5
813	5
3040	1
3991	8
5062	1
6407	29
8818	1
8877	2
23212	2
23235	7
25002	15
28111	14
5621	154
7354	155
11242	154
16191	143
17266	152
17343	152
28738	153
28984	168
3843	3
4278	2
8073	4
11474	2
16192	2
22050	24
26177	2
10077	9
14648	2
14856	3
18263	7
25905	9
22862	1
23669	1
176	77
690	79
2316	81
28312	12
2172	7
2257	132
11454	53
12072	139
15180	26
15236	140
15893	7
16292	39
26110	34
26872	32
29352	34
360	8
1047	243
2907	9
3263	18
11002	6
20936	58
27526	170
14276	5
27311	1
29554	30
21594	66
27944	6
6253	2
10869	5
12411	1
13167	81
14402	1
19858	33
22707	3
22857	4
23556	72
25995	76
26729	2
28395	72
29615	3
29768	8
928	62
1681	2
1757	84
2745	54
5391	52
8641	8
8942	2
9939	2
10375	2
15671	22
19244	49
19309	2
19872	2
22103	84
22263	61
22992	53
23682	51
25579	106
27744	52
29556	53
1709	6
2112	78
18876	13
21537	6
25442	5
27505	39
28435	7
29196	5
29780	37
12170	59
20237	4
21849	53
29639	64
185	125
2201	22
4205	18
6577	2
6605	22
14185	22
15809	28
17406	22
19541	21
28707	55
28743	21
28947	25
17821	8
27207	1
1597	8
4799	8
5272	40
19871	45
21004	39
23607	39
25871	127
28894	5
20061	9
9091	10
4906	3
5183	143
5583	140
6495	3
8755	4
9078	3
9890	144
11417	141
11513	142
12544	3
14873	9
19401	10
25252	3
27462	80
28891	4
29171	4
420	116
1097	111
1472	122
2910	110
3748	108
4563	110
7291	109
11775	113
19971	108
20436	111
24782	110
27344	110
27971	49
29705	123
2188	68
4260	66
8239	77
11049	67
29529	70
3324	5
97	67
3884	82
9099	2
25598	82
25681	79
27576	12
896	5
4222	3
6254	111
7731	3
16385	3
22080	27
24377	9
28481	1
29391	21
29613	13
12294	14
20646	11
24123	14
25692	11
29750	43
8061	5
11766	5
25009	3
25754	3
28290	143
28656	16
29109	7
525	64
3430	5
4398	6
7767	59
15242	6
19523	105
22313	60
25458	21
28085	57
1478	16
5825	24
21574	89
21951	19
21986	1750
25676	17
25697	1
25824	1
26057	265
26313	16
1059	8
1190	24
3186	8
4865	8
4964	12
6448	19
27614	7
256	5
828	73
5496	29
7727	14
16202	5
17666	5
18813	5
21894	5
24129	3055
28092	38
29080	24
29809	15
13859	31
2136	3
7484	3
6284	33
7834	12
13607	8
14114	12
14642	12
22457	5
25960	12
29304	12
104	4
6480	1
19262	4
21303	36
23521	4
25248	14
27634	20
29773	15
357	5
7120	5
8682	81
29178	378
6951	23
9437	28
9732	27
26800	38
27738	28
11703	4
25773	3
3092	50
3561	46
10449	69
10641	47
15367	168
15655	86
3546	32
7112	3
11762	32
834	4
10368	14
25816	2
26734	7
26749	3
27389	11
29354	2
29695	2
13664	6
20918	5
6592	44
10400	2
11536	2933
4318	1
6294	2
11539	1
12714	1
16072	1
20708	3
23600	5
25319	1
26138	1
28723	6
8154	1
1908	11
9161	2
10264	2
14188	8
14639	2
16110	18
16794	3
18584	10
20479	14
29316	2
2387	1
3970	28
5009	1
6039	12
6637	5
7925	5
14013	4
17749	2
23190	10
25883	1
28072	4
29699	19
23691	4
26527	57
1658	12
10690	6
12600	3
13710	8
14204	3
16424	4
27142	21
27415	45
29366	45
244	16
1963	16
2785	16
25958	15
26548	21
4157	20
11159	15
14058	15
26427	21
29199	27
15564	1
15906	4
20309	3
25482	5
25620	3
26921	2
28109	1
28959	10
462	31
2004	26
2143	31
6366	28
8124	22
10335	9
10395	38
15923	115
16974	26
20832	22
22986	28
26438	24
28602	32
28956	32
29710	24
20579	22
25775	3
4099	14
4236	54
7833	33
8129	14
8560	16
9942	20
18028	24
1425	164
2507	159
4275	222
9560	159
11418	159
11745	161
25444	206
28627	220
306	4
2667	26
5525	28
12080	3
15587	4
27407	23
2395	1
5424	3
18734	1
19169	6
21648	2
22468	1
24053	3
25608	2
26841	1
192	4
6309	23
8325	27
10976	54
13993	43
16331	5
23161	4
23226	4
27768	6
1217	3
4678	1
18085	43
19016	2
19017	2
22898	5
27130	17
10190	33
10318	1
10727	34
23701	30
27133	27
6581	6
18996	1
24331	1
28837	1
29484	6
4974	4
9102	1
19963	1
25625	42
10137	50
18980	15
6704	3
21254	12
13279	1
29796	2
3027	29
8488	29
197	7
23404	7
2253	6
18264	3
28055	13
634	11
911	3
1891	2
5154	148
6099	2
12153	1
21858	4
23079	1
29077	2
15345	5
16852	4
19741	8
25412	25
27358	9
28235	13
29743	21
9614	17
25122	15
25465	14
26520	28
28309	21
24115	3
6538	79
7293	175
15869	194
17675	325
18168	173
19959	208
25499	205
27705	10
29666	3
2060	11
25596	3
2856	33
10644	1
22599	33
4826	4
2154	2
2245	2
2754	3
2844	1
8678	2
11517	8
19010	39
24095	3
4319	72
5511	21
8603	9
10713	5
12512	31
16601	5
27899	14
28220	2
29170	9
1626	14
29729	2
19440	1
7094	1
12162	29
13187	133
17370	26
21659	1
22689	25
26059	106
29553	26
29733	35
663	4
7518	11
10036	2
11533	2
15737	17
17009	109
21641	4
25686	3
28558	3
1662	2
1967	25
4402	24
8629	30
17981	23
19812	2
25744	1
26132	1
13883	18
22623	8
5211	4
6777	1
4284	2
5757	4
9076	1
11823	10
13803	1
20406	1
27877	1
24380	3
24222	2
25351	75
2142	149
17745	158
3509	3
7014	5
19241	3
29397	4
22223	16
3124	2
9209	4
9408	8
9802	8
10247	4
12759	1
14317	5
19585	25
19960	4
2446	17
4697	58
17409	134
19601	59
21613	58
27943	39
28842	60
29310	67
2709	2
7054	9
24441	10
2899	3
12069	2
29519	4
6635	9
21136	56
22792	16
25530	13
25612	9
582	12
675	4
1419	37
4885	1
6621	25
7033	1
8787	1
8990	4
13535	4
14510	25
21056	25
24811	2
25517	30
25537	36
26053	35
28377	50
14321	1
18019	1
29669	82
7194	20
10581	25
11746	25
14672	19
21090	17
27458	23
3236	1
105	6
6036	1
25698	2
5283	31
14223	8
20059	16
3670	10
10862	1
14289	10
24862	10
26995	13
27146	11
7559	1
1839	1
11364	114
11757	116
14997	105
15119	105
17191	107
19709	107
22212	103
23624	110
27487	107
28027	106
28197	110
8884	29
26692	1
28726	24
29473	3
4009	3
5883	15
18956	3
27929	4
397	7
11727	7
19150	7
20450	13
28408	9
3151	2
4583	6
353	2
9072	2
25525	6
12472	5
9343	69
10187	1
14924	22
22483	1
24109	25
25438	23
27475	7
29066	3
29142	1
9109	8
26683	1
28791	3
29835	1
312	5
682	15
10038	7
14740	2
17746	7
20177	21
25710	5
26062	6
28145	8
29720	28
345	7
3121	6
3633	2
4754	13
447	7
711	7
1318	7
2074	7
2707	8
6438	7
25275	9
25460	1
25581	1
27609	30
10614	22
21640	21
27293	23
27555	18
27616	17
28540	19
6194	7
18250	7
19815	8
26147	8
26758	7
8475	14
18059	5
11378	2
7687	1
9831	3
18376	9
20717	5
20963	4
23519	1
801	1
1224	3
8442	1
9558	7
9966	6
25436	3
29221	1
9810	9
18210	1
208	4
6948	3
7107	1
16978	1
21647	6
27736	7
29689	5
22358	1
1077	107
1721	2
7797	2
7908	7
11004	4
12084	3
20355	1
28870	1
29549	1
29772	4
26712	6
27954	3
592	4
8592	2
13098	1
18116	1
18290	1
27648	3
24325	1
1456	6
2840	5
6195	19
8769	7
9651	10
25885	37
28005	1
2440	8
9615	3
16511	3
18646	5
25149	4
27599	30
8938	6
2280	6
2357	3
28431	8
11000	6
202	40
647	12
3396	8
6493	12
21726	30
21811	22
23610	7
25907	12
28704	21
28914	1
5338	8
5868	23
10704	2
21089	2
23241	2
23307	2
16732	6
1120	3
3827	7
4902	3
9152	4
17050	3
27734	3
29508	7
5027	1
10506	59
29704	2
5057	4
20761	13
28921	8
27472	1
9285	4
29236	2
24796	1
13209	11
27046	3
18461	4
2090	2
8835	2
18825	2
19297	6
3410	1
1740	9
12918	4
16074	23
23757	12
29658	5
8767	1
21808	1
27532	1
7932	5
23867	20
6560	3
8233	4
8370	5
11751	5
14177	9
14186	7
23295	3
26801	6
27922	4
774	3
3615	71
6953	70
24543	55
25646	67
23620	1
6032	2
14192	2
29638	3
1728	20
14029	20
19998	16
21140	8
22791	28
12075	2
28694	46
21517	3
22330	1
25602	8
2924	1
19136	2
2522	8
23977	25
26551	25
28563	1
9266	4
22015	4
8441	2
16845	2
27625	3
21720	38
2648	16
7683	17
8959	16
15351	16
23769	16
24869	2
19715	1
4503	3
6445	7
6532	3
11416	18
15276	9
16470	6
17426	7
24582	3
25320	4
28070	3
25935	2
28002	19
4814	2
29667	11
4977	9
7251	58
26266	9
18898	1
21548	25
21550	25
1941	19
5400	19
9816	13
23793	4
24385	13
26255	26
29836	1
3176	8
10536	12
21602	1
24902	2
16615	4
24489	2
11600	3
19155	4
19544	4
20843	4
4104	2
11625	3
12099	3
23440	2
26525	11
29000	2
5191	6
21122	2
25623	14
25725	3
26759	2
7816	2
17882	22
28816	25
568	1
1470	3
1946	1
4200	4
5177	2
5832	2
7527	13
10807	1
12007	1
21587	1
22443	4
22561	1
23229	18
23524	3010
25562	26
27197	1
27687	4
28270	3007
28522	1
28853	3
6394	2
9827	1
16056	1
18815	3
19390	1
22345	3
26420	3
29139	3
29778	6
504	1
9518	2
465	3
21634	6
25520	19
23608	1
514	2
4900	3
12662	2
23634	5
25432	4
26833	4
183	3
656	4
1266	5
1345	7
7818	4
17720	7
18507	12
28727	3
29340	2
28927	1
16886	40
6410	2
6116	1
23505	12
28510	1
27205	1
27882	3
15131	3
19861	14
28281	4
29259	16
1811	12
10650	2
18653	1
3659	1
24384	1
173	1
21903	1
29394	1
6150	10
8298	4
15257	2
16749	10
24594	1
27623	3
2872	1
6671	2
15719	31
18686	26
21667	12
28877	59
29763	8
21693	2
2493	2
5715	1
6882	2
21371	1
24780	2
27480	1
27718	1
28311	3
20702	5
6844	1
7071	6
9839	5
11338	7
12130	5
12895	5
15341	8
17038	5
17717	6
869	1
11811	3
18701	1
139	5
2275	1
2307	6
8963	15
9684	2
10083	1
10687	5
13892	1
20403	3
21626	14
28966	1
3691	11
9649	1
11444	1
12438	12
16055	3
16084	1
19548	2
27502	3
29678	7
20640	1
8250	7
11901	6
22224	11
23996	9
25584	5
25906	13
28076	16
5769	2
201	8
25491	5
28047	12
8346	1
16851	3
43	3
8575	11
19562	20
29762	2
1953	1
24681	1
24908	3
29235	3
20	71
8920	1
15212	1
23429	1
336	4
5805	8
21788	8
25551	6
221	11
1134	6
1737	9
2938	7
8913	8
21162	6
12	4
12788	4
10014	7
11438	1
7756	2
14144	5
2105	1
12024	22
27916	1
2424	43
681	3
4781	2
22105	1
25488	18
375	1
2335	20
10276	14
17330	22
25668	14
25670	2
25774	15
27848	15
29584	15
203	6
5691	1
10788	5
11678	1
26839	2
26950	4
29579	4
29586	5
205	100
9924	107
20013	106
23425	8
16595	1
2783	31
17714	34
18858	35
22210	12
26813	1
6057	3
27531	20
4794	3
5276	2
22342	3
10990	2
11093	5
22596	17
29432	8
5364	4
10134	93
10155	4
13423	1
26109	1
27497	2
29076	1
29644	17
3694	12
4533	9
6553	10
21193	12
26090	9
27752	10
28000	23
28155	17
3548	35
1020	5
8319	10
8703	13
9450	9
23073	9
17279	10
19762	6
170	1
21536	4
29542	6
1512	3
6764	1
16914	4
17658	1
21218	2
22131	3
22328	1
23276	4
25571	9
28286	1
1347	5
11334	6
21753	4
434	7
2723	8
15325	7
18031	8
21973	11
28168	7
7387	1
7944	2
16520	1
21708	2
16478	6
2152	8
3252	8
8515	8
10295	8
17442	8
18082	10
24576	9
27211	8
29653	12
3483	4
13274	3
6069	2
20678	8
29	1
6468	4
18202	1
23283	2
29133	2
17121	14
25666	5
27004	3
28035	1
24992	1
27932	8
679	1
12951	3
21586	2
18048	1
3503	5
15191	12
21304	18
21897	4
26709	5
27155	7
27547	3
27627	4
29253	11
1062	19
417	3
1438	2
1996	3
3249	8
4161	2
6519	1
18131	1
19487	3
20669	3
28280	1
10797	26
8828	3
11223	1
12755	2
15025	14
19005	3
19013	1
23986	12
27966	2
4761	4
10455	4
13112	1
9570	2
405	5
1197	4
7467	4
8654	8
13808	4
14102	4
15140	5
17689	5
19609	7
19727	5
23745	4
25504	3
4403	5
27797	6
29572	6
3495	3
8352	4
20274	4
20513	3
20622	4
23466	3
24086	3
27643	18
346	20
1400	1
2441	1
4254	5
11652	5
18776	1
20382	3
25512	2
3873	2
29526	2
29462	4
13114	1
26308	1
22449	13
1870	10
24099	1
2118	1
5229	19
1914	29
11776	6
16863	6
18575	9
27924	7
822	9
6119	4
20401	4
6444	8
25643	8
25843	25
3489	4
4196	4
6563	4
6967	12
9535	4
28533	15
29736	9
6491	2
9189	1
25510	5
27277	1
27915	2
5990	1
8916	7
12459	2
20348	1
21525	4
22341	1
27260	1
9656	1
4719	6
12792	5
13820	3
17390	3
23310	38
25963	3
18105	7
12140	3
1588	28
16217	28
9315	3
26906	3
29559	2
10524	1
1384	3
24925	2
25588	2
161	1
223	3
555	7
610	7
5534	3
11332	3
22797	14
24793	9
25586	10
26304	4
11712	1
28888	1
7405	1
29545	4
16935	6
310	3
4010	5
9429	3
25592	5
29742	6
957	6
6827	1
17049	1
17301	4
18035	1
22527	1
29415	4
17998	9
485	3
1976	1
24763	3
20232	6
2039	3
16177	4
23434	1
17417	2
26765	1
5926	1
912	8
7070	1
24762	7
6542	3
16850	1
18041	1
21815	1
24182	1
2535	14
5973	4
6940	1
22728	1
13937	1
26166	5
16246	3
3687	2
757	3
3139	20
4065	17
7434	1
8178	18
21144	16
26226	16
1147	4
7311	3
9520	3
20396	9
20543	9
3612	1
7374	1
393	1
1831	2
3810	1
12814	3
18773	1
20101	9
29735	8
29746	7
2394	11
12650	2
16328	6
28913	1
5439	1
11447	1
13328	8
13125	1
14918	4
14849	2
5815	1
20383	3
20755	1
22202	5
29298	1
27749	2
577	1
20166	3
22996	2
24723	2
27239	5
28056	14
28430	2
29428	3
14093	1
14183	3
5692	1
5729	170
11931	1
19734	1
27761	4
471	4
8532	1
9968	1
12052	1
17549	7
22908	1
26051	1
3115	1
5258	2
5375	2
15173	1
19387	2
23694	1
25728	1
28190	1
29737	34
166	1
838	2
16880	1
21248	1
1191	5
28774	3
22785	65
135	32
2461	35
3767	32
19095	32
23853	2899
24078	12
28900	31
14598	80
16259	2
5831	2
10729	3
11946	3
17180	3
24534	4
24984	3
25434	2
1885	2
3152	3
6549	2
20435	10
29379	2
1326	3
6025	8
27919	6
14353	1
334	14
5930	1
798	35
28999	4
11019	2
24137	1
9471	2
22081	12
1268	2
12923	2
369	7
4809	18
5811	23
7044	17
7339	17
10376	17
15193	17
20198	16
27672	17
29779	17
11514	5
16911	1
27280	16
28295	1
23627	1
4904	1
27578	3
27622	21
23688	10
25265	12
5039	7
6293	2
19161	2
23715	2
25702	4
26994	3
7118	2
21057	5
21706	5
9706	6
18325	6
27296	18
9071	6
24461	2
2061	14
9766	2
721	7
5274	7
14853	13
17134	10
18560	7
29163	11
2209	13
15402	11
16116	12
27710	11
29084	3
40	1
3772	7
5653	5
10575	1
21785	10
25395	1
2643	20
3245	16
4422	16
5566	16
4915	3
18827	4
6400	21
1899	6
39	3
4320	83
22310	12
27876	3
20577	5
27209	3
2085	5
6649	1
8538	1
18437	3
24911	9
25819	7
26001	3
14558	1
21577	5
27600	1
19	2
2317	3
8759	4
9888	3
22890	3
24022	9
25451	7
25454	10
25713	17
28890	3
29648	4
27525	20
1823	3
7189	3
12327	1
16934	2
19163	2
23085	6
25064	1
26743	1
28001	1
791	1
10722	1
17153	2
21276	1
3240	762
20994	5
23423	1
1403	3
8183	1
27947	1
448	8
2437	3
4762	5
15417	3
18336	3
20103	5
21612	6
23057	3
24369	5
25332	8
2994	1
4454	4
8905	1
9978	2
13355	6
15023	2
22991	2959
28161	4
5054	6
7181	5
26234	5
11990	2
17357	1
18317	7
18927	6
25261	1
17943	24
19860	2
1995	6
18347	12
27548	10
11580	1
26723	2
840	7
1261	7
8790	5
8879	6
12004	9
17633	5
18269	5
27392	9
5547	35
18470	28
28807	1
18130	14
11448	6
6513	2
2415	9
2525	6
5376	6
19870	6
20473	1
13947	1
27006	2
1169	8
7298	3
28279	7
5946	2
13964	1
760	2
1125	2
1477	2
18444	2
21623	9
24696	3
26216	2
28898	4
28902	6
29407	2
4647	19
21074	1
4581	17
6139	2
7847	2
9165	2
14960	3
23939	2
27507	2
27754	4
2163	2
21299	1
22020	8
26023	2
26542	1
15962	15
20463	1
29430	1
26077	7
3339	4
6841	2
7164	2
7416	2
8979	3
15046	2
19559	2
25116	2
28753	5
28697	1
6341	2
4070	1
27420	9
1881	2
2370	2
4515	3
11557	2
24690	2
25455	2
27574	4
3866	1
6471	1
11934	1
21646	8
24899	2
26935	21
29006	1
5202	5
9993	3
10176	1
14742	3
11797	1
24132	1
4164	1
2496	29
6156	31
7239	31
25583	3025
26570	5
331	1
11107	1
26385	1
3993	1
8180	1
13667	1
21305	3
24588	3
24765	1
27663	1
29334	2
29685	6
27460	3
29749	33
4299	8
7069	1
18692	3
1741	2
11321	1
13821	5
13334	2
17013	21
25272	44
1576	12
5143	19
5580	1
6372	12
8315	12
9069	19
12468	12
17398	12
17678	14
20627	13
20707	6
788	1
16376	20
25741	7
9227	1
6615	4
12190	4
22306	4
2304	2
6346	1
8455	3
24347	3
28096	3
29555	1
5667	1
24106	1
11749	4
21301	6
27997	1
19472	1
29072	5
2763	2
14828	2
17192	1
19023	1
21774	11
24004	1
26415	4
28686	1
1547	13
10609	10
1759	1
20565	1
589	2
5783	17
9126	30
23028	20
27981	14
28370	15
344	1
3511	1
16430	1
5421	2
6811	2
8962	2
10316	5
11680	2
13420	3
13693	3
13857	2
18651	3
21156	2
22100	3
27650	2
28564	1
25730	1
28850	36
11770	1
883	6
671	10
19373	22
792	1
4039	1
13273	2
15841	2
24241	4
19571	5
21884	1
6162	2
676	1
23442	1
9660	2
212	13
1273	1
1875	1
3870	3
12774	1
12795	1
19218	1
20056	2
21408	1
28067	1
2231	9
19961	12
22746	16
4903	2
5007	5
10227	3
24615	3
24674	2
25566	8
27707	3
28004	3
29544	17
13200	6
14477	7
25462	14
12639	26
2418	3
9179	4
14936	4
18802	5
20615	3
23934	3
27520	1
8910	1
18960	1
28580	1
1124	1
4542	3
26115	1
27073	2
27866	3
21795	8
2573	3
1509	2
17768	2
18525	3
25870	2
16280	5
5933	1
15044	1
28249	2
20008	1
3267	1
8590	1
9640	1
23415	2
5748	10
26500	11
29697	5
2262	2
12643	1
15370	4
3289	1
3327	3
6155	3
5078	3
491	1
22987	3
26261	9
28965	1
1682	6
19982	5
6317	1
24834	3
25459	2
27037	1
27038	1
27039	1
26123	1
3948	2
6588	13
9752	2
15628	2
16988	3
18081	3
23876	2
25005	2
26894	4
2658	1
18246	1
20302	1
27441	1
22121	6
6738	1
15610	8
21431	8
12303	16
15627	26
18078	26
20531	26
25933	21
29255	15
19085	11
25785	1
4455	20
4091	6
3259	1
29249	1
3158	5
18473	6
21467	6
22099	6
28549	10
28550	10
28867	2
27986	7
16206	1
22253	2
25609	1
24094	5
29152	2
10941	23
7261	2
21885	13
23193	11
21519	8
24465	2
28957	1
1220	3
7230	6
29578	2
6361	1
12749	1
6893	19
28702	6
7789	1
8089	2
10884	1
13458	5
25033	1
25680	3
28163	1
28506	5
3527	4
8030	5
23877	1
23286	2
6632	5
8289	10
29626	10
6351	4
27892	1
28644	1
1371	5
1448	5
5906	6
13576	4
14027	4
16337	6
24189	5
25548	194
29665	14
7843	2
20950	1
23008	2
13625	5
10740	12
9171	1
12816	1
14345	1
6388	2
1683	8
9354	2
19101	1
20482	2
25767	1
29248	2
29718	5
22799	4
10775	2
29246	2
3839	4
3841	3
17165	2
18083	5
22249	1
9403	1
15856	2
2831	2927
5385	2932
8392	2932
9378	135
10448	3005
13194	2932
15218	135
18162	2914
21761	2929
22577	2997
22672	2917
22673	2990
22678	2988
22685	2989
22881	1815
22897	1655
23012	2988
23039	2981
23047	2911
23054	2983
23062	2981
23074	2985
23201	2917
23598	3005
23947	2999
24423	2982
24468	2961
24502	2892
24999	2999
26269	3002
26529	2657
26576	2972
26708	2969
27258	2981
27806	3000
28310	3006
28881	2996
28882	2996
22812	1845
22193	7
975	2
4776	3
6030	9
7812	3
11520	5
14707	6
17857	3
3275	1
20961	1
22580	1
27905	1
12808	6
16214	6
27481	1
12458	6
16527	1
29045	2
14119	4
10203	1
21231	2
11562	1
28605	2
19862	1
25495	1
29388	1
29166	41
14390	1
732	2
11748	2
14333	2
20054	73
11619	7
21997	1
24693	1
25073	1
4308	1
10206	18
12864	10
17816	9
22431	12
648	1
3065	1
29118	2
7643	5
26793	1
1911	15
19339	8
22591	4
2034	2
2871	1
6700	1
22997	5
1149	2
442	4
5377	1
10560	4
22410	5
24030	3
6585	11
6586	11
6693	11
15924	11
23886	5
18026	9
16464	4
7389	1
8047	1
13685	1
15910	1
17477	1
19775	1
26719	3
14142	3
8382	3
12675	5
15713	80
29732	7
20113	2
13104	1
338	1
29226	3
27513	10
2853	1
4115	1
29203	1
10254	1
11575	1
1181	65
14397	63
27246	65
28846	65
25394	6
7842	3
6658	3
13618	1
13191	1
11169	7
15647	1
12555	2
20351	2
2484	71
8841	60
9507	62
10699	64
20566	62
22661	65
15470	5
29472	5
2068	1
10906	1
3091	7
21571	1
26913	1
5462	1
8989	11
29027	2
2860	1
3322	2
4892	9
5139	2
16860	1
19910	3
27154	1
27433	10
27699	1
29143	5
7278	3
25766	2
13296	2
14349	2
18746	4
22305	2
8640	1
3039	2
4047	6
9282	5
9418	7
17001	2
22063	1
29502	9
17571	2
27618	4
5848	1
16858	2
6864	12
12078	8
16667	8
17132	9
18251	11
19070	8
21137	8
25522	10
29369	6
3103	14
3181	2
6593	2
15122	4
11526	4
919	1
4585	3
1457	2
9856	24
10985	5
12212	9
15556	5
18617	5
24546	5
29723	6
91	4
825	7
3736	9
10867	8
17011	12
20962	8
25448	9
27337	7
9168	1
27025	3
25217	2
5330	2
29273	2
9602	1
7359	2
17765	4
3690	7
18482	14
28026	6
1855	1
8169	1
6363	2
12879	78
28121	6
29761	2
20037	1
25082	2
13965	1
14675	1
27980	1
2854	1
21854	6
933	3
6147	2
9433	1
20291	3
29683	1
216	2
8118	2
13435	2
22392	2
29445	2
24009	1
26404	1
28253	3
12558	6
14702	5
20218	5
23382	5
110	2
350	2
20189	2
24081	2
1546	1
1339	3
25694	2
28446	2
4068	1
8074	1
11126	1
23729	1
2392	3
14217	1
18965	3
18321	5
943	1
12928	9
20133	6
4330	15
8655	15
10542	15
15980	18
22227	13
24198	16
25026	12
27528	15
10640	11
28714	3
8866	5
1171	7
1876	7
2889	7
3084	7
17992	7
21362	7
23995	12
24258	4
27662	1
11558	2
3095	5
612	5
871	4
10470	9
13248	3
13616	3
16481	4
19702	3
22164	3
24033	5
26148	4
27262	4
27693	2
28086	9
28349	4
4020	4
4559	1
6540	4
6986	2
6989	6
8105	4
14912	3
17690	2
18487	2
19781	1
6680	6
25531	3
5816	8
27111	1
17402	6
2137	7
29721	2
12588	2
27210	1
4979	2
21620	3
4509	3
13969	5
15437	5
19946	14
28372	5
22322	3
16823	1
28009	2
6453	1
10833	1
20361	1
559	3
2733	1
3163	3
6335	7
18978	4
28908	1
780	1
12985	1
21177	1
22662	1
25835	2
3054	6
17018	12
20147	8
25336	12
7381	3
644	1
16721	2
6619	1
4884	26
8771	5
14881	6
20432	3
28299	3
29775	3
1067	1
8698	1
11279	1
16942	2
19902	1
24373	3
27530	1
27658	5
28422	1
29751	2
20986	8
15754	2
17337	4
24843	3
24864	2
7535	2
60	1
11850	3
19031	1
1058	1
1071	2
16537	3
2973	2
12871	2
25417	2
1185	1
3198	2
7702	1
23437	4
12706	1
8255	4
8257	5
13707	3
16412	3
20886	3
26175	6
2242	1
2423	1
22810	1
27624	1
2176	2
12321	3
16574	6
18953	2
27757	2
22435	4
6160	7
14789	5
2639	1
10191	1
3684	3
7487	3
26699	3
25007	2
804	23
12527	2
1370	1
90	3
1042	3
8222	3
11041	3
12414	1
20712	8
22878	4
28268	3
22022	3
27660	25
5300	3
17583	2
5830	1
3466	1
4629	1
5619	1
15380	2
27055	1
2064	1
8109	1
17208	1
18983	1
19272	4
28301	1
9723	3
16364	3
28082	3
20476	3
4357	1
7935	16
19511	5
25098	5
29023	10
2109	8
8663	1
9514	2
13429	1
15451	1
6021	2
16069	2
5645	1
18166	16
29618	1
24555	1
3105	2
5978	3
18448	2
25344	4
1449	1
9166	1
12698	1
19376	1
23642	1
27631	6
27869	1
28977	1
6705	3
8014	1
28872	3
29267	1
1244	2
4216	3
14474	2
16587	3
28811	1
29692	1
5182	3
8611	1
9207	2
9533	75
11453	8
20687	1
25564	1
28356	1
13974	1
29856	4
25516	7
6104	1
25268	7
3418	1
4658	4
6567	3
20564	3
24494	3
26550	3
29581	3
19880	3
18662	1
27845	1
10801	1
12972	4
25776	1
29282	1
4569	1
7728	1
9265	1
28452	2
8783	1
1469	3
2228	1
8563	1
11594	5
13550	1
22423	1
25092	1
25689	4
29517	3
26984	3
25144	1
619	3
6660	3
10320	1
20268	2
28819	1
29834	1
7864	1
19883	1
5280	2
4837	4
26727	1
26030	3
28108	1
2778	17
23269	18
26764	17
24156	2
6265	4
13163	1
17534	1
21134	1
17684	1
28886	4
5949	1
8138	3
19246	1
1404	1
15866	2
11877	1
1066	2
14975	1
27477	1
14274	1
17721	2
27212	4
28831	1
18817	4
3428	2
16766	1
21168	1
6725	2
13058	1
7711	2
159	1
19644	1
26028	1
28416	2
12777	2
5671	467
9531	3
16868	4
23873	1
24774	1
25727	5
26150	9
26881	5
27240	1
677	5
4170	1
6836	1
13254	3
28347	1
16361	5
28094	6
28869	4
27001	2
3009	1
19583	4
28120	1
1632	2
26446	1
3273	1
6447	1
563	7
2515	8
13711	20
4790	1
1818	1
9194	2
29837	2
282	1
6943	2
8781	1
11922	1
15595	1
21760	1
27473	1
23454	5
1440	11
5347	8
8882	2
9525	2
22650	2
22842	2
28848	11
25456	6
27827	6
5985	5
8883	1
29419	4
3258	9
3744	1
4206	2
4268	1
6531	4
11941	1
22402	1
28467	1
1179	7
3250	6
12249	6
12785	26
15932	10
18712	6
5286	18
8681	9
1848	1
591	1
8817	7
1386	7
15909	1
8398	2
26143	1
2720	5
1084	1
29512	2
5036	4
2333	21
5046	8
21807	5
23279	9
1907	1
1612	2
7055	2
22800	4
26027	6
12282	1
2644	5
16896	5
12132	15
29774	14
29385	2
4637	1
4875	1
7674	4
13906	1
18188	1
24213	1
25594	5
26812	3
11113	2
5582	3
6546	2
17171	3
22927	1
2239	1
10701	2
14762	1
20624	2
23999	2
27479	1
26526	1
16013	2
22346	2
23292	1
27635	1
1622	1
3605	1
7769	1
9250	1
10752	1
12368	1
22503	1
28118	1
19557	2
15976	1
4209	5
22203	12
12684	3
19540	1
12768	2
22280	2
29374	1
23308	4
7161	5
29621	1
20269	1
11116	2
8117	1
23594	5
218	2
29319	1
7266	8
9244	4
18629	4
21716	4
29536	4
22603	1
5834	2
7634	2
22845	2
27562	2
7828	2
11070	2
18291	2
18365	5
18755	2
24410	2
18390	1
26171	10
11245	2
26774	2
28288	2
10098	1
3477	1
28289	1
102	2
3454	1
21665	1
23609	2
20929	8
5991	1
19954	72
29168	1
172	1
10789	1
11286	1
12822	1
15938	1
17435	1
17762	1
20554	5
25277	1
14054	10
27639	1
11982	1
16220	4
16871	1
28374	1
2487	2
19139	1
13891	2
14771	2
18152	2
27740	7
3828	1
7776	1
8023	1
4433	1
654	3
8334	3
18971	4
24856	3
25752	3
28747	5
18644	1
24499	1
24507	1
24544	1
24694	1
28995	13
22635	1
10251	4
29770	2
9519	2
16774	1
27244	2
277	1
20081	1
9347	3
14774	6
95	1
843	1
100	2
7100	7
22183	1
25170	5
28650	5
25295	3
18387	1
2729	1
4083	7
12863	5
13338	5
16085	1
14212	3
14161	4
19550	5
3541	7
4951	6
8657	6
8714	6
13637	6
21741	12
22566	6
26893	10
27474	6
6403	3
805	6
17204	7
20751	6
24459	1
6353	2
20612	1
27152	1
2549	5
3164	1
14596	5
1690	2
13457	3
21799	5
25480	2
27390	3
29444	2
22235	1
3771	1
775	1
13440	6
20060	5
22473	1
26848	5
29789	5
1154	1
12128	1
13952	1
16895	1
18524	2
19032	6
25216	3
27538	4
29365	1
11108	3
6177	1
13137	2
7302	3
27695	1
25791	2
9984	5
1685	2
15539	5
27925	1
16052	1
21461	1
27405	4
3116	1
18476	6
19881	1
12281	2
9792	1
29709	1
21607	6
11649	1
4013	3
24159	3
5388	1
6235	4
10377	4
12483	6
17371	4
20167	4
22590	7
27076	4
2155	4
29738	14
27250	2
5052	1
9441	3
392	1
4098	1
1086	1
27612	3
29026	8
14837	1
13729	3
1518	1
16643	1
26803	9
11774	1
22337	1
19415	2
22614	1
219	1
707	1
2784	2
16913	1
17747	3
19071	3
19994	1
25809	2
17561	2
585	10
7082	11
10770	10
11918	9
25969	12
4655	4
8388	3
22011	4
24672	4
25018	4
27512	11
27597	4
8139	7
18227	1
29450	5
15107	2
3763	6
6516	5
23829	5
28139	5
25521	2
28438	2
519	4
12762	5
28093	4
15110	1
27927	1
28579	1
28083	1
16557	1
28809	1
2694	6
2968	1
12703	1
14621	1
15449	1
27500	1
11386	1
22660	13
25946	24
2972	5
7638	2
14171	3
16500	1
19204	1
26111	2
28149	2
2192	4
8155	4
13272	4
1101	3
2559	2
3586	4
10522	3
10611	2
11832	4
14370	2
18394	6
23599	2
26103	2
13723	2
22102	3
1108	1
2037	1
11194	1
12757	1
18039	1
23451	1
24105	1
24333	1
28226	1
22351	1
7764	2
1548	1
5801	1
583	2
16522	2
28291	2
16646	2
6275	1
12565	4
29433	1
19347	4
27759	1
11455	9
12931	1
17338	1
25338	2
29049	3
1781	2
15279	2
18962	2
29673	2
5022	1
17008	1
1486	1
25038	1
10829	1
22204	1
3786	3
10037	1
13284	1
24098	1
2479	2
11388	1
12070	1
13364	3
22671	8
27352	3
29370	3
400	3
23990	6
25046	2
29830	1
21033	325
28200	1
16183	1
18158	2
18906	4
25518	1
27428	2
15578	6
20501	1
23069	1
21900	1
3285	2
512	1
1111	2
3083	2
22228	2
3046	2
13730	1
18799	1
25565	4
27645	5
2966	1
4333	1
6026	13
9897	1
15371	2
17871	1
18430	3
18468	1
19094	1
8151	1
25063	1
14519	3
11865	3
17284	3
443	1
816	1
6022	1
15914	1
21589	1
21834	1
25610	4
27978	1
5879	1
8020	1
14010	1
22953	1
9847	1
17761	3
20370	3
20628	1
25554	1
148	1
6080	1
8472	1
17824	3
25208	1
28232	1
600	2
15518	2
21440	2
1324	1
4248	1
21972	1
14927	2
25707	95
25784	1
12326	2
22608	1
26503	4
24091	5
7896	1
12728	1
25515	3
27558	2
27653	2
1451	5
5050	1
5821	1
26457	2
10907	4
19666	4
5335	2
21322	4
16288	11
21213	1
26536	1
18803	2
2508	3
5091	1
3795	3
22584	3
3076	3
12152	1
27656	1
7599	4
3012	2
941	1
10495	1
21233	3
12889	3
1734	3
18551	3
2284	1
2405	1
5538	1
9692	5
10711	1
10725	1
21896	8
26106	14
27506	14
548	2
24516	4
874	4
8736	1
18947	1
4770	2
13620	1
7003	3
12549	3
12819	1
11343	1
29052	1
6066	4
27508	3
2576	1
10519	1
14170	1
25709	3
16744	1
25051	1
27879	1
27880	1
27881	1
1479	2
5723	1
6846	2
8412	2
14483	3
22200	2
22806	2
22937	2
27552	2
29278	2
27408	2
5238	3
10419	1
18880	1
10888	3
19874	1
4373	1
10973	1
19947	3
20662	8
21611	3
27452	4
10625	1
5178	1
15123	1
15971	1
18149	1
22281	1
22776	2
25903	2
26210	1
27381	75
27382	75
27383	234
12783	3
18170	1
28790	1
11955	2
15278	2
18806	1
807	4
27347	1
28746	2
9055	2
26553	1
13762	3
29687	4
9995	1
17798	1
29691	3
18363	4
25679	4
1746	6
2400	1
24352	1
22056	3
12067	2
18835	1
9352	2
2787	2
12113	1
1325	2
21364	14
556	1
26064	2
12556	4
3364	2
6425	2
14800	2
18451	2
19950	3
22199	74
29781	3
22380	1
4950	1
2094	2
23863	2
23953	1
378	3
873	11
877	4
26869	3
27266	3
27762	3
3637	2
27424	1
27595	2
8024	11
26009	19
27883	2
29824	1
20892	1
2931	7
3728	7
4891	7
11452	7
15008	2
13356	2
16787	2
14113	1
16637	1
6329	1
9633	1
21988	1
24363	1
24756	1
27510	3
27566	1
29028	1
126	1
3716	4
17864	4
26187	4
13380	1
16091	5
23586	3
13081	1
21596	1
20488	2
27938	1
2439	7
6537	8
3977	3
528	1
5611	3
6703	1
8644	1
11445	3
15912	1
24931	1
25428	13
27675	14
26451	1
2240	1
25908	1
8466	1
28414	1
3168	3
27554	2
3475	1
4112	6
1189	6
27034	6
20372	3
18416	3
23480	9
24814	2
9773	1
231	1
29217	3
25626	2
146	1
27900	1
11089	1
3923	2
24918	3
355	1
5295	1
28394	2
5304	4
5730	5
12861	4
6740	5
24161	1
27326	1
28361	1
2837	2
13856	1
17333	4
534	2
827	2
10180	13
14620	2
18845	2
20682	4
21158	3
27504	6
15982	3
17118	13
5407	1
16888	1
6101	1
20055	1
2617	1
2641	1
24779	1
27375	1
28205	1
2721	2
9364	2
15659	2
22467	8
19268	4
10620	2
27937	1
1877	1
2048	1
15568	2
16241	2
23576	2
214	12
6854	13
21512	13
2380	1
3382	1
27363	1
5146	2
5384	1
27379	1
13904	2
19845	1
4212	1
8167	2
13062	2
16466	2
16691	2
27941	6
28392	2
29647	2
28979	1
5045	1
15981	1
21290	1
29867	1
25659	3
27493	3
25408	1
2229	2
19454	2
21874	1
7621	1
24714	3
3947	4
11561	9
19722	7
24297	8
4682	2
9889	1
16222	1
17975	21
24558	21
25761	21
12114	3
5790	1
5273	6
12668	6
18247	12
21363	16
21568	16
28389	16
28620	18
20846	1
8860	1
6076	12
11055	5
23643	5
17681	2
9595	1
2661	5
22424	1
25671	6
14488	1
18299	2
25533	2
26262	2
2625	3
3550	3
15978	3
19185	7
20234	3
25585	3
26487	3
27688	17
18987	1
2499	4
7202	2
26162	2
8834	4
8831	1
9486	3
5923	1286
14795	1
6261	1
6842	2
101	1
22013	1
659	1
3392	1
28097	2
21035	1
24932	3
3329	2
1551	1
22135	2
24083	1
26460	1
29438	1
11253	1
18457	1
27058	5
861	2
3099	1
27345	2
28321	1
6475	1
7868	7
15520	1
3539	1
23663	760
20742	6
16460	3
11608	1
24802	24
29300	91
8317	6
28182	1
22024	1
28938	1
5535	1
6793	3
10080	1
17744	1
20631	2
22019	2
14876	6
18139	2
28691	2
29605	1
26762	4
3155	2
11650	1
9309	2
20319	4
3220	2
5508	2
18510	2
5481	4
9054	1
23919	2
23925	7
25912	2
22598	454
29398	1
4575	24
4578	31
13725	1
2352	5
17862	5
22246	5
1593	5
12120	4
14381	2
23348	1
26322	4
24913	2
4409	2
1947	1
25349	3
18114	2
29211	2
28346	2
808	4
18676	1
19669	1
20510	1
8957	3
693	2
1884	1
14921	1
17639	1
18972	2
20398	4
21767	1
27621	1
4251	1
913	2
2079	2
4147	2
7019	1
7028	1
7317	2
9682	1
13811	1
19184	7
20758	3
22093	1
26662	1
28031	1
28307	1
409	2
1207	1
11523	2
25095	2
25315	2
25888	4
7092	4
12487	4
17759	4
25711	4
25746	4
27540	5
9225	4
21296	4
21721	7
23119	5
29439	5
29702	8
2442	3
10123	1
21003	1
7026	13
11090	10
11910	10
11979	11
23274	10
24666	10
26650	11
5020	1
27231	2
10646	8
27765	10
16754	2
25802	2
28895	3
16546	1
3876	1
3478	1
27592	3
15181	1
19830	2
23156	2
25492	2
29107	3
29108	23
24676	1
7603	1
20135	1
26737	18
7983	145
674	3
2234	2
6964	1
23221	1
1453	3
6434	3
20955	2
18650	2
23475	1
27359	1
29631	131
1961	1
2093	5
13416	1
12112	3
6027	8
4600	7
5121	2
5209	1
11949	6
25703	1
18713	1
15588	1
24695	1
12059	2
13206	2
14395	2
5565	4
17063	1
19683	1
22130	1
16040	4
11836	1
28252	10
12760	2
2469	296
8651	143
3581	7
15314	6
17022	6
25653	1
5083	1
9609	1
28244	3
1928	1
17672	1
1112	1
20235	1
25501	2
28434	11
21621	6
16334	1
354	1
29417	1
29727	1
22486	3
23305	1
8604	4
9807	2
503	1
11692	1
29511	1
8041	1
12507	1
13374	1
23864	2
24133	1
28926	1
924	2
25918	2
28006	1
29031	1
1073	1
25896	1
3179	2
12180	1
3043	1
7972	1
16985	1
22622	1
23706	1
5097	2
14399	1
2611	2
5652	1
6839	1
7841	1
16621	1
19892	1
21810	2
27721	2
20253	1
21065	1
23612	1
5878	2
7873	1
24801	1
29280	1
29868	4
13577	1
19333	1
26832	4
371	1
651	1
6572	8
20125	4
28368	5
24367	5
27836	1
24356	1
24859	1
23448	2
25849	2
28105	1
3735	2
22690	1
27995	2
1000	2
7810	1
3936	1
17585	6
25406	2
3260	15
12267	3
20158	1
6223	1
12019	1
28343	3
3737	3
6878	1
24039	1
1918	2
22420	1
99	6
3674	1
22452	1
24062	1
26620	1
6670	1
15436	1
28369	1
6285	7
17015	2
12066	3
13134	1
17075	1
17804	1
24904	1
25687	1
29424	1
1177	3
2802	8
23993	2
3175	24
6589	5
11915	5
18767	5
18957	5
21861	5
26095	5
3703	45
7375	1
4135	6
5746	6
11508	6
21407	6
23126	7
27261	6
28404	1
23301	2
2941	3
5964	3
6502	3
9219	4
13919	4
18275	1
25061	3
26917	4
26365	1
14413	1
26926	2
29060	1
14210	1
26458	1
22207	2
28084	2
580	1
5370	3
4995	1
6999	1
4527	1
25781	2
25514	1
28320	1
11975	1
5695	1
22412	1
1916	4
9040	1
12048	3
8894	2
13713	2
8156	1
12852	1
18984	3
9410	1
28861	2
25477	1
5031	1
25377	1
27706	4
29382	2
1900	1
23803	1
27078	1
806	1
9295	1
6277	1
18128	3
26151	1
3922	2
28696	6
9446	3
11198	3
12825	3
18785	3
22140	3
24882	3
27369	3
15778	3
28875	3
27304	1
29717	3
18497	1
25289	3
179	2
6498	2
28833	3
25756	4
11318	1
7551	9
12255	10
13026	9
13896	13
15405	9
18122	9
25667	9
26200	11
27031	6
1847	1
9406	2
5204	1
10297	1
23928	2
10604	1
25398	1
8696	5
16048	6
5092	4
8343	4
14290	2
24564	2
29535	2
28724	5
1287	3
657	2
17174	2
20161	2
21588	2
22686	2
28169	3
28458	2
12621	1
14069	1
7968	3
9696	1
22481	4
17735	1
18797	1
20610	1
593	1
7046	2
839	1
3183	1
5628	1
6144	1
18704	1
13415	1
5677	1
29543	1
6575	1
27309	1
560	2
10457	1
15740	1
1912	5
26566	1
26761	1
2998	2
3624	10
25570	7
3094	3
16799	3
6228	8
15956	2
20165	2
5277	1
6528	1
6733	1
10035	4
22053	1
25925	1
17441	1
20813	1
2748	3
1406	1
4082	3
4307	1
7465	1
175	1
1930	1
5643	1
1771	1
4149	1
9745	1
11802	1
13445	1
17335	2
18884	2
19475	1
27535	1
14108	1
14875	1
21690	2
2697	3
11441	1
9954	1
22749	1
24747	1
23500	16
13978	4
6207	1
19890	1
424	1
8813	1
29261	1
22205	1
1833	1
8015	5
9006	1
16580	1
1099	1
5865	1
28224	1
7632	1
19661	1
4211	1
19616	1
2166	1
9961	1
17555	1
21039	1
16394	1
8361	1
19798	2
24236	2
8636	2
15259	2
27400	2
5786	1
26621	3
26541	2
26220	2
26314	1
2638	1
16392	3
65	1
3852	2
26078	2
25606	1
4596	1
10154	1
21940	10
28421	1
5514	27
7524	2
2926	1
7635	1
15653	2
20046	1
29561	1
13520	3
12311	36
19025	4
21076	1
28876	48
28471	5
9048	35
14106	38
8150	1
23247	3
23933	1
28415	1
13222	1
29421	2
8859	3
28152	4
13984	7
18762	10
27270	1
7882	6
16467	1
19589	2
6987	2
13642	2
12490	2
29301	3
19366	1
15005	1
18297	1
19676	1
20930	1
26172	1
372	1
3727	2
5979	1
29357	1
9779	1
28376	1
7563	4
2165	1
786	1
8437	1
20417	8
28341	1
15050	3
18442	3
27683	1
3928	3
25323	2
1981	1
188	2
13650	1
3706	1
7007	2
12453	3
13325	1
13671	1
18582	2
27537	3
1600	1
2343	1
26606	2
11076	1
7790	1
25190	1
26941	1
17693	1
19208	1
22755	1
25735	1
27391	1
29518	1
499	1
12234	1
16218	1
21214	1
28974	1
9923	2
24702	1
1611	1
17140	1
25693	2
25823	1
27515	1
1937	1
23030	1
19886	1
25569	1
6626	1
6462	1
14567	2
13032	1
14084	1
5697	1
18187	1
28485	2
15545	6
1566	1
27425	1
1849	3
17492	3
20320	1
28115	3
26369	2
20838	1
7771	4
658	1
8367	3
11857	1
3047	1
5135	1
13044	1
8827	1
13922	1
29467	2
6559	1
17462	1
24585	1
6908	1
22014	1
2027	1
20573	1
29408	1
19943	1
22309	1
11297	1
14767	1
17976	1
26675	4
4626	1
25107	1
1591	1
213	3
3037	1
1582	1
5552	1
8419	1
10115	2
21658	1
22087	6
22329	1
2117	9
11555	1
25783	2
16454	2
6383	11
935	5
25790	2
13591	4
26753	1
28766	4
12366	1
19108	1
3290	1
3425	3
4957	2
1001	1
2270	1
3935	5
5406	1
26521	9
24786	1
26938	1
21315	1
6524	1
13037	2
3568	27
14979	1
24501	1
9744	1
28450	1
18212	1
17124	1
10389	1
29801	1
27942	1
23232	2
14219	3
13755	4
23082	1
25293	1
25296	3
25298	2
7655	1
1236	1
22701	2
10285	1
23488	11
8136	1
3742	1
22387	6
25506	2
1131	4
4775	2
16427	5
27492	1
5885	2
29590	1
11800	1
19190	1
11084	1
22426	2
28459	2
25316	1
6031	1
5548	2
11119	1
22850	2
26806	1
343	7
11327	2
1959	2
921	2
28255	1
703	2
5220	2
13377	3
13861	6
18671	1
852	2
21765	4
28805	1
14044	1
12746	5
29087	1
2286	3
18143	1
17888	1
942	1
29744	3
16740	5
8479	1
12224	1
24371	2
16063	97
25574	1
3652	6
2057	1
3713	1
18669	1
22074	2
3463	3
26188	1
6503	2
16715	2
21637	4
8349	1
10065	1
818	1
6942	2
7735	1
16739	1
20873	1
21657	5
8688	1
26689	3
19649	1
8389	7
7195	1
3161	1
6015	1
11421	7
11571	1
13095	1
28821	2
10334	1
29404	2
22525	2
21203	3
13474	1
25120	1
4653	1
27256	1
27257	1
22530	1
28845	5
20591	1
26549	2
26646	1
10997	1
16100	1
15438	1
21769	1
24196	1
25358	1
18995	1
20859	2
21773	4
9568	2
13128	1
18080	1
8649	8
6648	1
765	3
16440	3
6545	1
7184	1
14283	1
17221	1
9241	1
1267	1
11052	8
778	1
27346	1
20132	5
23538	1
14804	1
16743	9
300	1
900	1
27694	1
3044	1
7163	4
8193	1
23589	1
9231	1
9307	2
673	1
22368	1
27998	1
5476	1
9123	1
11217	1
19867	1
21927	1
9928	1
3903	1
7671	1
20500	1
19403	1
18432	1
11258	1
25830	2
8659	4
234	2
12791	2
2878	1
252	1
10029	6
2243	1
6130	1
6717	1
8246	1
16442	2
27307	1
29442	2
6257	1
13516	2
8052	1
8667	7
13956	1
15863	1
27611	1
7931	1
1463	1
2353	7
28920	2
20108	6
22264	5
4793	1
7709	1
20001	1
26946	2
11787	2
2901	4
17614	1
25080	1
2922	1
6486	1
19655	1
17642	1
22571	1
18328	1
1092	1
20645	1
11201	1
14948	3
20306	1
17143	1
15203	1
13010	2
13511	1
18823	1
5627	1
26129	1
7766	8
16796	1
21771	1
23287	2
484	1
6628	5
25498	1
14687	1
29755	1
14645	3
23277	1
26047	1
483	1
23597	1
13432	1
2029	1
2742	1
13720	5
29222	1
11942	1
8898	7
27463	2
6860	2
16408	1
23708	1
844	2
27498	1
1100	2
23266	3
27684	1
4295	6
29641	7
29448	1
10817	3
8874	1
9795	1
28530	3
9837	2
2474	2
20824	2
17207	1
20475	1
21696	1
18500	1
28574	4
5199	2
20244	2
2569	5
3354	8
25053	7
314	1
5147	2
10649	2
2996	1
13569	17
14116	17
29754	17
14357	1
18266	1
3892	2
6722	2
7729	2
14939	8
22401	1
17152	1
6023	1
4044	4
19442	1
13874	1
853	1
13119	1
17103	2
1958	1
4880	3
4827	4
10151	2
23435	3
24487	2
3278	2
26191	9
11272	1
8571	3
18622	7
19887	5
22005	3
6357	1
20885	1
22460	1
12012	1
16196	2
7290	3
17915	1
27322	1
24813	1
20582	3
24012	2
11470	3
10179	4
11048	3
19181	3
29302	2
11883	1
28705	2
27329	1
8955	2
17246	1
29552	2
5841	1
19610	1
3261	1
1263	2
13583	2
10959	20
16076	3
3068	1
9720	1
26192	1
21638	4
13493	1
21672	1
1715	1
29540	4
15959	1
22096	1
24394	8
29245	2
7765	4
18781	1
949	2
189	7
26495	9
4946	1
28472	1
5035	4
17876	1
23781	2
4671	2
1956	2
20261	5
23655	1
19814	1
27222	1
28803	2
5563	3
29333	1
18794	1
12156	1
9334	1
25915	5
28302	1
22326	1
12463	1
17567	4
14690	1
8981	5
2410	1
5001	2
23875	1
28761	3
6949	1
23509	1
28731	1
16865	1
19117	1
19796	1
27864	1
27865	1
3594	1
2409	2
27753	1
1460	1
2782	1
23672	4
10873	1
23452	2
29766	1
28250	5
3317	2
669	72
1584	3
2789	72
4183	72
9423	71
9865	53
10197	72
10446	72
22687	72
22774	67
26857	66
29509	70
6761	6
27297	8
14696	1
1988	1
23076	2
5445	13
23820	13
26823	3
2691	1
1210	3
26288	1
13246	1
16793	2
2744	1
17631	2
6697	1
25486	1
12015	6
24018	6
6178	1
243	1
26821	1
538	1
17527	1
13033	2
17968	10
11643	1
23908	1
3582	1
1553	1
3601	1
842	1
20350	1
22523	1
1090	2
6757	1
12882	1
29219	1
12243	4
28375	1
9026	3
1633	1
24101	1
3481	1
18901	1
6692	3
7425	1
19696	2
29714	2
24989	1
27620	2
1969	1
25560	1
28335	1
29783	1
13197	1
19173	1
19665	3
27843	1
1155	2
2752	2
10632	3
20608	2
20981	2
24381	2
3702	2
6367	2
9245	10
15326	3
15734	2
18381	2
20511	2
1061	1
6812	1
12671	1
18014	1
21209	1
8647	1
23717	2
14527	1
25873	1
23583	1
12222	4
18918	1
990	1
1617	1
2520	1
18338	1
26176	2
27517	1
815	3
16205	1
1262	2
5592	1
26770	1
17184	1
19292	1
6096	1
9129	1
13347	2
25543	2
26825	1
27629	2
28716	1
3528	1
9381	1
10447	1
13920	1
16370	1
20018	1
24706	1
28148	1
672	1
9503	1
12163	1
17473	2
15443	2
18780	1
1766	1
14427	1
27571	1
22858	1
24328	1
16322	1
18633	1
6650	1
1751	1
2835	1
25382	1
28631	1
9293	1
1812	6
3343	1
13045	2
20480	2
24443	1
24903	2
8356	1
4992	2
25545	3
7216	1
13326	1
10023	1
25041	1
19281	1
21126	1
4121	7
3304	1
3929	1
19346	1
20571	2
22734	5
24818	1
27413	4
4778	1
5574	1
1378	1
25865	1
27654	2
1436	1
17732	2
14076	1
26860	1
28075	1
14575	2
13619	1
2454	3
18655	1
5174	2
9574	2
6164	1
25900	1
14770	4
15270	1
540	2
20311	1
29684	2
1517	1
29539	1
629	1
19170	1
19769	1
15179	2
6603	1
7492	1
11781	2
12997	1
13878	1
17287	4
19535	1
23756	1
25650	1
1156	1
3871	2
13263	1
8821	1
27582	1
5240	2
6813	2
9777	1
13224	2
25931	1
27476	1
5179	1
21740	1
27952	1
7398	1
1989	1
20987	1
26767	1
3048	1
6859	1
9284	1
27898	1
9010	1
6522	2
16655	2
8988	1
2430	1
10383	1
18314	1
20762	1
23125	1
27846	3
21416	1
2292	4
9273	2
21712	1
8895	3
15716	1
545	1
849	1
21776	2
625	1
4050	1
7098	1
24933	1
7343	1
4656	2
21723	2
418	1
8580	1
23421	1
20426	1
8633	3
2939	1
841	1
14528	1
23780	1
29420	1
5839	1
27483	2
11138	1
13169	3
22923	1
14115	3
1402	1
8945	1
16473	3
28637	1
29469	1
15113	1
5752	1
2975	1
22184	3
1651	1
3816	1
10245	1
21472	1
20924	1
10871	1
27468	1
21935	1
11395	1
5593	1
594	1
22007	1
5952	1
7698	2
9934	1
11271	2
11966	1
9164	1
26157	1
7629	1
1935	1
8199	1
29869	1
29458	1
631	1
20301	1
15742	1
13703	1
14700	1
26382	1
18449	1
11574	1
11487	1
526	5
25559	3
1699	1
26152	1
18086	2
15476	1
1188	2
2412	1
3862	2
3621	5
15386	1
26232	1
8807	2
16172	1
1007	2
24981	1
4553	2
2705	2
22092	1
17144	1
14959	3
20977	1
12831	1
5679	1
27851	1
12986	5
25307	1
26431	1
8691	1
25561	1
27302	2
29230	2
22545	6
20456	10
10152	2
27236	1
7005	1
23985	1
7080	1
19365	1
4840	1
25168	2
29328	2
694	1
21457	1
13760	1
15761	1
27521	1
28381	1
17372	1
13008	1
3445	1
29395	2
7422	1
8550	1
25062	1
3424	1
13030	1
17677	4
3314	2
3591	1
24229	1
6851	1
28492	1
29089	1
14777	1
29757	1
4225	1
9083	1
12177	1
410	1
19745	1
220	2
9767	1
10278	1
13330	1
12533	2
16341	3
3482	1
722	1
17117	12
26393	1
3316	18
14230	1
27387	1
761	1
11718	1
17023	2
26307	1
25065	7
14931	1
27987	1
6698	1
22446	1
27370	1
2202	1
2460	1
24068	4
27999	4
1542	1
7257	1
17638	3
11892	1
17817	3
3248	2
16609	2
22258	3
2918	1
28788	2
18159	6
1950	1
2393	1
7572	1
9635	1
29650	1
7436	1
7437	1
28832	1
13307	1
25654	1
16855	1
27213	1
27696	1
25310	3
3685	4
1534	1
21614	1
10874	1
20468	1
21400	1
4143	1
12291	1
18260	1
21142	1
490	1
19325	1
26506	1
19695	1
24810	1
2870	1
20395	1
24651	1
18464	1
7234	1
19120	1
23416	1
26896	1
19389	1
9797	1
3455	1
246	1
6135	1
25301	1
413	1
22479	1
27442	1
11014	1
4079	2
7385	1
10891	2
16216	1
20405	2
25718	1
7754	1
814	3
13179	1
3255	1
17885	1
9564	3
9762	1
25066	1
10914	2
6756	1
22090	4
12753	2
12060	1
24119	1
9855	3
19383	1
28980	1
11830	1
25673	5
4234	1
3306	1
14772	2
8218	1
29378	1
22214	1
4797	1
8982	1
959	1
18108	1
10128	1
25235	1
10798	1
13059	1
7038	1
2722	1
24090	1
29788	1
7011	1
16547	2
12537	1
10088	1
8081	1
1360	1
19337	1
20630	1
16955	3
25539	3
29324	3
4075	2
24426	1
27669	1
12354	1
17783	3
28967	1
15616	1
10410	1
10849	1
13881	1
28725	1
3266	1
1942	1
3835	1
18038	1
15762	1
15926	1
2675	1
16375	1
643	1
8926	1
9304	1
9305	1
9041	1
4546	3
29515	1
2265	1
9084	1
8652	1
18092	1
24025	1
19985	3
21867	4
13617	2
29443	1
1975	1
17933	3
10645	1
27685	1
16761	1
18885	1
1850	1
17196	1
18631	1
6244	1
6245	1
6246	1
12780	4
15640	1
29341	1
3456	1
28654	1
4172	1
7553	1
9203	1
13017	1
17820	1
19824	1
26425	1
28808	2
13034	1
26717	1
22593	1
27716	1
14708	1
22977	1
19658	1
1379	1
23892	2
6311	2
6863	1
1141	1
9085	1
29771	4
24211	1
25415	4
27414	1
29303	1
4408	1
29268	1
4945	2
8108	3
8661	1
25682	1
1153	2
13679	1
19689	2
21862	1
3697	1
17342	1
28425	2
25379	1
5166	3
3504	1
28360	1
11668	1
5549	1
2674	1
6653	1
28194	1
26632	1
8309	1
13165	1
25699	2
13065	2
28671	1
359	1
9669	1
914	1
19697	1
4474	1
28566	3
2145	1
6719	1
28844	1
27665	1
26198	2
15977	1
4753	1
16607	1
29765	2
1835	1
22705	1
2140	1
17302	1
1221	1
7803	2
10781	1
27640	1
25077	1
10968	1
4233	1
3358	1
21215	1
12513	1
27291	1
2505	1
28878	1
11940	3
605	1
26294	1
26295	1
8718	1
215	1
23265	1
2397	2
22854	1
12529	1
12740	3
7733	1
25100	1
19263	1
28653	1
24613	1
25649	1
27972	1
16227	1
6390	2
28461	2
12409	1
29740	3
4962	1
13666	1
22308	1
1301	1
26633	1
26639	1
27720	1
17808	1
18230	1
3522	1
21645	8
29343	1
4326	1
6558	1
24983	1
26544	1
2022	2
552	1
22028	2
6866	2
21493	1
9549	1
24210	2
8046	2
21595	1
390	1
22716	1
4105	2
6568	1
29446	2
1738	1
15569	1
8547	1
1251	1
24783	1
10518	1
14609	1
23398	1
11172	1
2647	1
7748	1
13394	1
13683	1
21155	1
17949	1
20080	1
23304	1
2543	2
6737	1
4632	1
20519	1
21888	1
1235	1
7119	2
23847	2
4300	1
477	1
3983	1
3217	2
8446	1
27429	1
349	1
6804	1
25108	1
26274	1
8615	1
27796	1
1903	1
19561	1
12738	2
25173	1
4129	1
7458	1
14819	1
2103	1
25591	1
9950	1
10041	1
15083	1
8526	1
13981	1
4043	1
24357	4
18011	1
3088	1
8991	2
17102	1
4677	2
4548	1
15887	1
16346	1
522	2
13805	1
3565	2
1423	1
21247	1
2538	1
28202	1
7242	1
16396	1
21910	1
16813	1
23184	1
12042	1
14234	2
4831	1
6981	1
19712	1
3214	4
3215	4
3216	4
3471	4
29694	1
25911	1
12820	1
2263	1
1910	1
6090	1
26258	1
25156	1
11482	1
5298	1
24616	1
1168	2
28390	1
10566	1
10648	1
26075	1
28775	2
18702	3
29728	2
15824	2
8732	1
28769	2
5048	1
18893	1
9053	1
2960	1
19479	2
21101	2
13553	3
9804	1
11348	2
20219	1
20267	1
20300	1
20318	1
13567	2
27666	2
14270	1
16178	1
20367	1
25792	1
28871	1
497	1
25429	4
229	1
13151	1
20116	1
11354	1
10953	1
16391	1
18200	1
330	1
29164	1
3064	1
17812	2
27994	1
29322	2
28916	1
18663	1
13828	1
21293	1
10407	2
17897	1
1733	3
1506	1
28986	2
11604	1
8016	1
17273	1
8355	2
21197	2
22663	2
29048	1
1913	1
3889	1
18298	1
24792	1
7845	1
25507	1
23041	2
12709	1
26424	1
7966	3
14594	3
13050	2
14513	1
18569	1
12896	1
1720	1
25851	1
17300	1
22376	2
19295	1
21026	1
23441	1
29701	1
23588	1
23121	1
5515	1
5517	1
5955	1
3985	1
4897	1
9256	1
24891	1
17303	2
3534	1
3205	1
435	2
29524	1
28617	2
1074	1
20467	1
22841	1
28855	1
18399	2
6002	1
23784	2
1883	2
4877	1
17846	1
2841	1
303	2
2036	2
20931	1
19662	1
2160	1
13486	1
26928	1
16393	1
21160	1
26012	1
10485	1
3542	1
7000	1
2565	1
18454	1
24421	1
14132	1
4445	1
951	1
7980	1
18656	3
25526	1
11350	1
10053	1
10892	1
7227	1
1070	2
1820	1
23797	1
25975	1
271	1
5008	1
16174	1
11344	1
17003	1
7662	1
17990	1
23370	1
5605	1
16982	1
16897	1
23439	1
21182	1
1957	1
3276	1
29571	1
15089	1
4229	1
4889	1
8625	1
5006	1
529	1
4942	1
905	1
24909	1
8421	1
1476	1
2861	1
29413	2
236	1
22638	1
14396	1
20112	1
15095	1
1176	1
5010	1
24365	1
20325	1
25691	1
10439	1
3137	1
4935	1
1184	1
14930	1
25769	1
9639	1
1468	1
7862	1
10537	1
342	1
4107	1
14266	2
21717	1
505	1
12849	1
23427	1
24949	1
16625	1
9043	1
18400	1
3900	1
20288	1
2174	1
18233	1
26786	1
17199	1
2852	1
6337	1
5100	1
17517	1
12133	1
25985	1
17026	1
23178	1
12118	1
28405	1
10124	1
18936	1
17799	1
12484	1
24832	1
22915	1
22126	3
9297	2
1598	1
22021	1
25764	1
5490	1
9591	1
4859	1
17198	1
13515	1
16571	1
4201	1
24197	1
4095	1
22277	1
13672	1
28101	1
6408	1
4437	1
15894	1
713	1
19928	1
17168	1
5156	1
6661	1
18462	1
5823	1
25556	1
6695	1
13371	1
12393	1
29367	1
19592	1
2141	1
3429	1
23677	1
25233	1
14582	2
12796	1
2238	1
29730	1
29364	1
11996	1
24052	1
4564	1
11094	1
10894	1
29624	1
23443	1
4654	1
28122	1
14786	1
6316	1
22909	1
1076	1
3837	1
1934	1
1056	2
10045	1
22542	1
19448	1
28319	1
3726	1
18838	1
15847	1
21870	1
21087	1
28826	1
11887	1
23921	1
15381	1
13086	1
21312	1
24240	1
9169	1
2383	1
17525	1
2120	1
16707	1
13565	1
15845	1
16073	1
8936	1
24019	1
4685	1
29739	1
17501	1
20945	1
15116	1
10340	1
4419	1
4420	1
4421	1
2880	1
29314	1
9710	1
13011	1
27319	1
16652	1
27746	1
22340	1
29238	1
6805	1
